Humidity[%]_x,TVOC[ppb]_x,eCO2[ppm]_x,Pressure[hPa]_x,flame_sensor,merge_key,Unnamed: 0,Humidity[%]_y,TVOC[ppb]_y,eCO2[ppm]_y,Raw H2,Raw Ethanol,Pressure[hPa]_y,PM1.0,PM2.5,NC0.5,NC1.0,NC2.5,CNT,Fire Alarm
51.4551,0,400.0,1010.98,0.0,1,0,44.79,61,410,12825,20719,937.567,2.44,2.53,16.78,2.617,0.059,363,0
74.0185,0,400.0,1008.11,0.0,2,481,57.06908648718181,9,400,13351,20165,939.5748798353522,1.7824032929561129,1.852403292956113,12.269226343648905,1.9138839515473356,0.0431201646478056,3178,1
65.5552,0,400.0,1008.1,0.0,389,34,49.47,0,400,13195,20140,939.618,0.87,0.9,5.99,0.934,0.021,2189,0
65.6297,1,415.0,1008.09,0.0,1544,370,38.42,0,400,13267,21263,937.456,1.77,1.83,12.15,1.894,0.043,3585,0
